a.id,a.lab
192,2
226,2
234,3
435,2
444,1
448,2
521,2
620,2
631,2
714,1
794,2
798,2
867,3
871,1
934,2
959,0
1102,2
1116,0
1140,2
1245,2
1256,3
1288,3
1313,2
1314,1
1336,1
1338,1
1394,2
1582,1
1705,1
1842,2
1844,0
1930,2
1975,1
2237,0
2245,0
2280,3
2290,1
2316,1
2418,0
2500,2
2525,0
2526,0
2588,1
2691,2
3043,1
3293,3
3362,3
3460,2
3490,0
3530,0
3628,3
3666,3
3673,2
3675,0
3711,3
3720,0
3759,2
3782,3
3794,2
4027,0
4112,3
4130,3
4136,3
4225,1
4239,3
4241,0
4254,3
4285,2
4319,2
4327,2
4386,0
4469,2
4472,2
4473,2
4489,2
4516,2
4561,2
4595,2
4606,0
4642,2
4681,2
4701,1
4730,2
4793,2
4802,0
4830,2
4840,3
4842,2
4865,0
4886,2
4922,2
4927,2
4968,0
5048,2
5049,2
5160,3
5173,3
5214,1
5217,1
5269,0
5282,3
5304,0
5577,2
5586,2
5739,2
5752,0
5795,2
6114,3
6127,3
6143,1
6207,0
6295,1
6330,3
6461,0
6613,1
6656,3
6773,2
6805,1
6890,0
6976,0
7022,0
7046,2
7244,3
7277,1
7338,0
7366,0
7562,1
7569,3
7728,2
7739,2
7757,0
7885,3
7907,2
7964,0
8053,0
8207,1
8242,1
8320,3
8394,3
8450,1
8741,0
8756,1
8788,3
8875,0
8912,1
8928,0
8966,0
9000,3
9024,1
9096,3
9098,1
9153,0
9222,3
9252,1
9329,1
9391,0
9465,1
9485,0
9518,3
9521,2
9784,0
9791,3
9873,1
9915,1
10003,3
10138,2
10220,1
10299,2
10431,1
10450,1
10465,1
10491,2
10497,1
10566,0
10751,1
10752,1
10851,1
11175,3
11216,0
11222,3
11242,1
11278,1
11526,0
11532,2
11721,0
11724,3
11758,2
11870,0
11917,0
11964,3
11983,2
12184,0
12259,0
12269,0
12284,1
12309,1
12316,3
12317,3
12350,0
12351,3
12403,2
12443,0
12526,2
12551,0
12583,3
12609,0
12631,3
12672,0
12673,0
12729,2
12801,2
12816,3
12837,0
12844,0
12875,0
12916,0
12945,0
12977,0
13075,3
13086,0
13095,0
13101,0
13103,2
13106,0
13125,0
13148,0
13152,1
13209,1
13226,0
13239,0
13290,2
13312,2
13319,1
13375,0
13377,0
13380,1
13401,1
13428,0
13440,0
13451,0
13485,1
13548,3
13573,0
13801,0
13848,0
13896,2
13897,2
13957,2
14112,2
14117,1
14127,0
14180,0
14236,0
14408,1
14481,0
14496,3
14513,1
14572,2
14696,1
14729,2
15009,1
15083,3
15135,2
15138,2
15142,2
15148,1
15151,2
15152,2
15153,2
15157,2
15158,2
15179,2
15181,2
15200,2
15201,2
15202,2
15204,0
15206,0
15210,2
15218,2
15222,2
15229,2
15249,2
15250,2
15254,2
15266,1
15267,2
15272,2
15276,2
15278,2
15283,2
15290,2
15291,2
15292,2
15294,0
15297,2
15305,2
15310,2
15324,2
15334,2
15350,2
15359,2
15364,3
15365,2
15381,2
15385,2
15392,2
15407,2
15410,2
15414,1
15420,2
15424,2
15425,2
15438,2
15440,2
15441,2
15454,3
15463,1
15468,2
15469,2
15470,3
15474,2
15475,2
15478,2
15481,2
15487,2
15493,2
15494,2
15501,2
15514,1
15516,2
15521,2
15524,2
15530,2
15542,2
15545,1
15547,2
15554,2
15566,2
15570,2
15571,2
15574,0
15575,2
15578,2
15582,2
15588,2
15592,2
15594,2
15601,2
15607,2
15608,2
15610,2
15612,2
15615,2
15644,2
15645,2
15647,2
15659,2
15663,2
15667,2
15672,0
15686,2
15696,0
15700,2
15701,2
15704,2
15706,2
15710,2
15713,2
15717,2
15724,2
15725,2
15728,2
15732,2
15738,2
15756,2
15757,2
15768,2
15774,2
15777,2
15779,2
15780,2
15786,2
15787,2
15791,2
15794,2
15795,2
15796,2
15800,2
15806,2
15807,2
15816,2
15829,2
15830,1
15836,2
15839,2
15841,2
15844,2
15846,2
15848,2
15863,2
15876,2
15883,2
15884,2
15887,2
15889,2
15901,2
15903,2
15904,2
15908,2
15909,2
15921,0
15926,2
15940,2
15946,3
15950,2
15955,2
15973,2
15984,2
15986,2
15993,2
15994,2
15997,2
16001,2
16026,2
16039,2
16041,2
16047,1
16048,3
16053,2
16055,2
16057,2
16058,3
16067,2
16074,2
16081,2
16092,2
16094,2
16101,2
16102,2
16116,2
16122,2
16128,2
16133,2
16135,2
16142,2
16153,2
16159,2
16160,2
16162,2
16163,2
16169,3
16170,2
16186,2
16189,2
16191,2
16198,3
16200,2
16201,3
16216,2
16217,2
16224,2
16225,2
16226,0
16231,3
16245,2
16259,1
16260,2
16269,2
16270,1
16272,2
16279,3
16284,2
16285,2
16300,2
16307,2
16311,2
16317,2
16319,3
16322,2
16328,0
16330,2
16334,1
16336,2
16338,2
16342,2
16347,2
16355,3
16362,2
16363,2
16377,2
16378,2
16380,2
16394,2
16396,2
16397,3
16398,2
16399,2
16403,2
16404,2
16415,3
16416,1
16422,1
16425,2
16427,2
16431,2
16453,2
16458,2
16462,2
16463,2
16465,2
16473,2
16490,2
16496,2
16501,2
16503,1
16508,2
16515,2
16527,2
16530,2
16537,2
16541,2
16543,2
16546,2
16554,2
16559,1
16562,2
16564,3
16567,1
16571,2
16577,2
16579,2
16588,2
16589,2
16616,3
16619,2
16633,2
16635,2
16637,2
16638,2
16641,2
16648,2
16650,2
16672,3
16677,2
16678,2
16679,2
16681,0
16691,2
16692,2
16695,1
16697,2
16703,2
16708,2
16709,2
16714,1
16720,2
16721,2
16723,2
16728,2
16737,2
16755,2
16762,2
16764,2
16766,2
16771,2
16778,2
16781,2
16782,2
16789,2
16793,2
16807,2
16811,2
16818,2
16821,2
16830,2
16835,2
16838,2
16845,0
16849,0
16850,3
16855,2
16865,2
16878,3
16893,2
16895,2
16896,2
16897,2
16899,2
16900,2
16911,3
16914,2
16918,2
16929,2
16931,2
16932,2
16933,2
16934,2
16949,2
16964,2
16968,2
16969,2
16973,1
16988,2
16996,2
17000,2
17014,2
17015,2
17019,2
17037,2
17041,2
17045,2
17054,3
17057,3
17059,2
17076,2
17085,2
17093,1
17095,2
17101,2
17104,2
17107,3
17144,2
17148,1
17161,2
17164,2
17183,2
17192,2
17198,3
17199,1
17207,2
17210,2
17211,1
17217,2
17218,2
17221,2
17223,2
17224,2
17230,2
17240,3
17242,3
17247,2
17251,1
17262,2
17263,2
17281,2
17284,2
17302,1
17312,2
17313,2
17314,2
17316,2
17317,2
17319,2
17361,2
17362,2
17365,2
17381,2
17383,2
17386,2
17388,2
17397,2
17399,2
17403,2
17411,3
17412,3
17414,2
17422,2
17423,3
17424,2
17434,2
17436,2
17439,2
17440,2
17452,2
17457,2
17459,2
17468,2
17477,2
17479,2
17480,2
17484,3
17485,3
17487,2
17489,3
17496,2
17508,1
17511,1
17517,2
17528,2
17529,2
17530,2
17544,0
17550,2
17562,3
17565,2
17568,2
17569,2
17573,2
17577,2
17583,2
17596,2
17606,2
17613,1
17614,1
17633,0
17635,2
17646,1
17668,0
17669,2
17671,2
17678,1
17693,2
17712,2
17714,2
17719,0
17724,1
17752,2
17762,2
17763,2
17764,2
17766,2
17770,2
17781,0
17783,2
17805,2
17807,2
17818,0
17823,2
17829,2
17838,2
17840,1
17841,2
17849,2
17860,2
17863,2
17864,2
17866,2
17869,1
17871,2
17894,2
17902,2
17912,2
17935,2
17952,2
17954,2
17969,2
17996,3
18004,2
18005,0
18006,0
18018,2
18019,2
18022,2
18025,2
18027,1
18028,0
18029,0
18032,2
18035,2
18036,2
18045,2
18047,2
18053,2
18057,2
18062,2
18072,2
18073,2
18074,1
18084,3
18093,2
18099,2
18104,2
18118,2
18123,1
18125,2
18138,3
18141,2
18148,2
18158,2
18161,2
18164,2
18182,2
18188,2
18191,2
18201,2
18204,3
18206,2
18215,2
18223,2
18238,2
18239,2
18251,0
18255,2
18260,3
18274,2
18286,2
18291,2
18296,2
18300,1
18305,2
18306,2
18312,2
18326,2
18330,3
18333,3
18336,2
18345,2
18350,3
18356,2
18363,2
18368,2
18369,2
18370,2
18380,2
18381,2
18386,2
18390,2
18395,2
18413,2
18414,2
18431,2
18452,2
18454,2
18476,2
18487,3
18491,2
18492,2
18496,2
18501,2
18505,1
18526,2
18546,2
18547,2
18550,2
18562,3
18564,2
18565,2
18580,2
18598,2
18604,2
18613,2
18614,2
18618,2
18625,2
18629,2
18632,2
18636,2
18640,2
18654,2
18660,2
18664,2
18667,3
18670,2
18718,2
18733,0
18746,2
18752,3
18760,3
18766,2
18780,2
18792,2
18797,2
18800,2
18801,2
18805,2
18811,2
18825,2
18831,2
18837,2
18869,3
18872,2
18873,2
18874,2
18876,2
18880,2
18883,1
18886,1
18892,2
18897,3
18904,1
18913,2
18917,3
18923,2
18930,3
18934,2
18940,2
18942,2
18960,2
18964,3
18968,2
18976,2
18994,2
19002,2
19012,2
19014,1
19016,2
19017,2
19022,2
19024,2
19025,2
19027,2
19028,2
19031,2
19037,2
19042,2
19057,2
19062,2
19074,0
19076,2
19095,2
19112,2
19114,2
19116,2
19117,2
19138,2
19151,3
19160,2
19163,2
19172,2
19195,2
19204,2
19216,2
19220,2
19225,2
19232,2
19233,2
19236,2
19237,2
19240,2
19249,2
19252,2
19278,2
19297,2
19315,1
19320,2
19324,1
19330,2
19332,2
19333,2
19337,2
19346,2
19347,2
19362,2
19364,2
19373,3
19380,2
19389,2
19393,2
19397,2
19399,3
19401,1
19403,2
19409,2
19410,1
19428,2
19435,2
19443,2
19445,0
19446,1
19485,2
19498,2
19509,2
19512,2
19539,2
19542,2
19543,3
19563,2
19585,2
19591,2
19592,0
19595,2
19610,2
19614,2
19617,1
19618,1
19620,2
19627,0
19633,2
19640,2
19645,2
19653,2
19656,2
19657,2
19661,1
19670,2
19677,2
19684,2
19688,2
19695,2
19708,1
19730,2
19748,0
19749,2
19758,2
19762,2
19764,2
19782,2
19793,2
19795,2
19797,0
19801,2
19806,2
19823,2
19831,2
19835,2
19852,1
19858,2
19866,2
19867,3
19868,3
19870,2
19910,2
19922,0
19925,3
19926,1
19936,2
19947,2
19957,2
19959,2
19962,2
19972,2
19990,2
19992,2
19998,2
19999,2
20005,2
20014,2
20031,2
20036,2
20048,2
20049,2
20051,2
20053,2
20057,2
20063,2
20085,2
20088,2
20095,2
20106,2
20121,2
20122,2
20131,1
20133,3
20134,3
20136,2
20145,3
20158,2
20181,2
20188,2
20189,2
20190,2
20197,3
20201,2
20209,0
20229,1
20233,2
20234,2
20239,2
20241,2
20244,2
20262,2
20264,2
20265,2
20274,2
20278,3
20279,2
20280,2
20308,3
20325,2
20335,3
20337,2
20348,2
20357,2
20359,2
20368,2
20371,1
20374,2
20388,2
20392,3
20404,2
20415,2
20424,2
20428,2
20431,3
20438,2
20449,2
20456,2
20461,2
20470,2
20474,3
20480,2
20481,2
20512,2
20515,2
20523,2
20527,2
20528,2
20529,2
20530,2
20531,2
20541,2
20552,2
20561,3
20580,2
20592,2
20607,2
20610,2
20614,2
20615,3
20625,2
20630,2
20636,2
20644,2
20646,2
20691,3
20708,2
20716,2
20732,1
20746,2
20767,3
20768,3
20769,3
20775,1
20782,3
20798,3
20801,2
20819,2
20850,3
20854,2
20865,2
20870,2
20881,2
21142,3
21160,2
21385,0
21501,2
21915,1
22116,2
22147,2
22303,2
22312,0
22319,0
22488,0
22511,0
22570,2
22588,0
22597,2
22628,0
22640,0
22674,0
22727,0
22761,2
22847,2
22849,2
22869,1
22870,1
22978,2
22981,1
23145,1
23156,2
23461,2
23566,2
23723,1
23833,3
24026,3
24089,2
24147,1
24226,3
24234,3
24689,0
24692,1
25313,2
25739,3
26029,2
26030,1
26061,3
26080,3
26087,2
26093,3
26134,1
26138,3
26145,3
26175,3
26193,3
26214,3
26227,3
26251,3
26275,3
26283,3
26293,2
26301,0
26318,0
26322,3
26361,3
26371,3
26377,3
26392,3
26394,3
26401,1
26406,3
26415,3
26434,3
26466,3
26480,2
26490,0
26504,3
26505,3
26562,3
26577,3
26605,3
26629,3
26636,3
26664,3
26684,3
26685,3
26699,3
26721,2
26733,3
26794,2
26849,2
26855,2
26867,2
26887,3
26899,3
26900,3
26906,3
26907,3
26951,2
26958,3
26979,3
27011,3
27020,3
27039,3
27040,3
27048,2
27060,1
27077,3
27084,3
27085,3
27087,3
27089,3
27099,2
27110,3
27142,3
27143,2
27222,2
27255,1
27286,3
27309,3
27324,3
27344,3
27361,3
27391,2
27408,1
27454,2
27473,3
27514,3
27523,3
27539,3
27569,3
27595,3
27689,0
27710,2
27836,3
27858,3
27927,3
27947,3
27966,3
27979,3
27999,3
28003,3
28004,3
28013,3
28020,3
28062,1
28096,0
28101,0
28116,3
28190,0
28192,0
28261,3
28262,3
28292,3
28315,1
28349,0
28381,0
28437,0
28478,0
28499,0
28555,3
28560,3
28584,0
28714,0
28727,3
28746,0
28795,0
28826,0
28884,0
28899,0
28907,2
29026,1
29037,0
29166,3
29169,0
29211,3
29220,0
29257,0
29258,0
29284,1
29293,0
29302,0
29309,0
29313,0
29396,0
29431,2
29476,0
29642,0
29675,3
29735,3
29750,0
29768,0
29780,0
29802,0
29883,2
30011,1
30066,1
30081,1
30084,0
30177,1
30266,0
30360,0
30408,0
30491,0
30525,2
30530,0
30531,0
30556,2
31037,2
31072,2
31126,1
31229,1
31350,0
31378,0
31432,1
31852,0
31896,0
31928,3
31995,1
32206,1
32234,2
32269,1
32280,1
32694,1
32772,0
33093,0
33471,0
33478,0
33482,0
33483,0
33501,0
33507,0
33519,0
33521,0
33554,0
33576,0
33579,0
33581,0
33585,1
33614,0
33618,0
33620,3
33639,0
33647,0
33665,1
33693,0
33735,0
33745,0
33764,3
33765,0
33772,1
33779,0
33782,2
33794,0
33804,3
33817,1
33849,0
33867,1
33875,0
33889,0
33910,0
33918,3
33948,0
33955,1
33961,0
33967,0
33972,0
33980,0
33981,0
33994,0
33995,0
34104,1
34105,0
34106,0
34108,0
34137,0
34139,0
34143,0
34152,1
34162,0
34171,0
34176,0
34195,0
34224,0
34236,0
34287,0
34294,1
34300,0
34306,1
34312,0
34328,0
34362,0
34364,0
34398,0
34451,0
34461,2
34471,0
34476,2
34477,0
34480,0
34484,0
34486,0
34494,1
34506,0
34507,3
34533,0
34555,3
34558,0
34576,0
34586,0
34600,1
34606,0
34612,0
34619,3
34638,1
34652,0
34667,3
34668,3
34672,0
34674,0
34675,0
34679,0
34682,0
34685,0
34694,1
34702,0
34710,0
34719,1
34742,0
34761,3
34769,0
34770,0
34798,3
34802,3
34920,1
34921,3
35053,3
35329,1
35429,3
35433,0
35435,1
35437,3
35442,3
35445,3
35449,0
35465,1
35466,1
35468,1
35486,0
35505,0
35506,0
35510,0
35511,0
35512,1
35520,1
35523,1
35534,0
35573,3
35581,0
35582,0
35593,1
35605,0
35635,3
35663,0
35675,1
35680,3
35685,0
35718,1
35739,0
35785,2
35815,1
35856,0
35865,1
35873,2
35875,2
35886,1
35939,3
35947,1
35966,3
36021,0
36094,0
36181,1
36244,3
36276,1
36319,2
36459,0
36493,0
36560,0
36598,0
36825,0
36839,0
37007,1
37034,2
37276,0
37278,0
37316,0
37561,1
37567,0
37619,3
37642,1
37741,2
37771,0
37839,2
37868,3
37895,0
37938,3
38005,1
38071,2
38102,2
38141,0
38168,0
38173,3
38174,1
38338,2
38352,2
38722,0
38723,0
38767,1
38831,0
38837,2
38840,2
38846,0
38848,0
38878,1
38881,0
38894,2
38933,1
39026,1
39165,3
39233,3
39389,3
39419,2
39456,3
39524,3
39552,3
39639,3
39704,3
39753,3
39764,2
39765,3
39796,3
39839,1
39868,2
39886,1
39893,3
40044,2
40101,1
40137,1
40200,3
40513,3
40552,3
40628,1
40739,0
40740,2
41438,1
41716,1
41726,3
41984,3
42174,3
42316,0
42459,1
42527,2
42535,3
42545,1
42548,2
42620,1
42621,1
42635,2
42638,2
42665,1
42711,2
42730,2
42739,2
42761,2
42791,2
42828,3
42836,2
42851,2
42866,1
42915,1
43090,1
43162,0
43173,2
43229,1
43231,1
43445,2
43512,1
43560,1
43728,0
43739,1
43856,0
43978,2
44058,2
44094,2
44168,2
44170,2
44216,2
44267,3
44422,2
44662,3
44856,0
44860,2
45015,3
45038,3
45135,3
45194,0
45522,3
45537,1
45822,1
46238,1
46243,3
46286,2
46502,0
46529,1
46656,3
47349,0
47352,1
47794,3
47820,0
47857,0
48008,2
48161,2
48191,2
48211,1
48460,2
48481,0
48499,2
48515,2
48550,2
48606,2
48623,1
48629,2
48642,2
48646,2
48693,2
48752,3
48755,3
48763,3
48770,3
48781,3
48797,3
48802,1
48809,3
48810,3
48819,3
48845,3
48853,3
48858,3
48880,3
48892,3
48896,1
48903,3
48928,3
48968,3
48971,3
49130,3
49167,1
49427,1
49582,0
49620,2
49644,0
49721,2
49947,0
49965,0
50034,0
50071,1
50098,2
50116,3
50149,0
50160,0
50250,3
50446,2
50473,2
50529,2
50542,2
50558,1
50600,2
50623,2
50634,1
50635,2
50649,3
50650,2
50673,2
50682,2
50694,1
50729,1
50733,1
50743,1
50748,1
50758,1
50791,2
50798,1
50808,3
50865,1
50919,0
50957,2
51060,0
51200,0
51414,0
51527,1
51659,2
51742,3
51793,2
51857,1
51920,1
52093,1
52150,3
52162,3
52163,3
52175,3
52176,3
52188,3
52222,3
52247,3
52787,3
52819,3
52843,2
52845,3
52882,2
52890,3
52925,3
52939,3
52952,3
52954,3
52975,3
53030,3
53167,2
53183,2
53578,0
53843,0
53953,0
54170,1
54525,0
54689,3
54940,0
55013,3
55020,0
55060,0
55065,0
55099,0
55423,0
55450,0
55454,0
55515,1
55532,3
55549,0
55669,1
55670,1
55689,1
55691,1
55742,1
55756,1
55928,1
56013,1
56021,3
56037,1
56091,1
56335,3
56626,0
56678,1
57164,1
57830,0
58359,0
58504,1
58628,3
58821,0
58854,0
59127,1
59202,0
59381,1
59383,0
59445,0
60017,3
60018,3
60095,0
60240,3
60374,0
60391,0
60684,0
60818,3
60972,1
61002,1
61262,3
61323,0
61324,0
61341,1
61475,3
61476,3
61492,1
61594,1
61632,3
61766,1
61767,0
61834,3
61860,0
61874,0
61888,3
61894,3
62083,1
62124,3
62146,3
62156,0
62330,0
62337,3
62754,0
63186,0
63441,0
63442,0
63453,0
64085,0
65081,0
65123,1
65136,1
65428,0
65506,3
65515,3
65896,0
66019,2
66048,0
68900,0
68916,0
68926,0
69101,1
69112,0
69177,3
69219,0
69292,0
69345,0
69346,0
69403,0
69443,3
69497,0
69828,3
69857,3
69858,0
69996,3
70352,3
70429,3
70718,1
71243,3
71260,0
71261,0
71292,0
71298,2
71299,1
71373,2
71611,1
71727,1
71953,2
72111,1
72177,3
72610,1
72617,1
72839,0
72962,0
73294,1
74078,1
74355,1
74423,1
74469,0
74558,2
74739,1
74812,1
74829,1
74959,1
75023,1
75059,2
75082,3
75108,2
75224,2
75256,1
75279,1
75280,0
75356,1
76051,3
76143,3
76331,0
76348,0
76449,0
76499,3
76540,0
76608,0
76863,3
76906,2
77107,1
77216,3
77462,2
77756,0
77758,0
77763,0
77766,0
77775,0
77782,0
77787,0
77800,0
77808,0
77809,0
77815,0
77818,3
77826,0
77828,0
77829,0
77845,0
77848,0
77853,0
77875,0
77918,1
77921,3
77994,0
78006,0
78018,0
78021,3
78036,0
78042,0
78077,0
78086,0
78112,0
78113,0
78117,0
78139,3
78140,3
78144,0
78156,0
78207,0
78211,0
78239,0
78274,0
78276,0
78278,0
78295,0
78300,0
78312,0
78320,0
78321,0
78327,0
78333,0
78335,0
78341,0
78343,0
78364,1
78414,0
78614,0
78617,0
78624,1
78726,1
78733,0
78782,1
78824,0
78850,1
78851,1
78897,1
78934,2
78951,0
78964,1
79032,1
79033,1
79069,1
79071,1
79166,1
79188,3
79206,1
79256,1
79275,1
79487,0
79853,2
81587,1
81899,2
82054,0
82055,2
82074,0
82087,1
82114,3
82132,0
82135,0
82136,0
82137,0
82246,2
82333,0
82368,3
82541,0
82546,2
82573,0
82666,0
82733,0
82738,0
82740,0
83826,2
83853,1
83863,3
83865,2
83890,0
83916,0
83952,0
84014,0
84093,0
84107,0
84132,0
84135,0
84145,3
84158,0
84163,1
84164,0
84165,1
84177,0
84215,1
84216,0
84229,0
84245,0
84246,0
84264,0
84271,0
84275,0
84319,3
84489,0
85559,1
85771,0
85802,0
85805,0
85807,0
85812,3
85814,0
85818,0
85819,0
85825,1
85831,3
85836,0
85838,0
85853,0
85860,0
85862,0
85866,0
85870,0
85873,0
85884,3
85897,0
85898,0
85904,0
85913,1
85918,1
85978,0
85979,0
85981,1
85990,0
86001,0
86022,0
86025,0
86027,0
86077,0
86104,0
86118,0
86132,0
86196,3
86198,0
86199,3
86201,0
86202,0
86232,0
86260,0
86261,0
86264,0
86272,0
86327,0
86345,3
86346,3
86359,0
86367,0
86372,0
86373,1
86753,3
87329,3
87456,0
87481,0
87907,0
87979,0
87999,2
88022,0
88042,2
88162,2
88163,0
88200,0
88202,1
88541,2
88761,2
88766,3
88792,2
88971,1
89095,1
89446,2
89464,3
89721,1
90160,2
90412,0
90419,0
90427,0
90610,0
90665,0
90702,0
90832,0
90849,0
90913,0
90997,0
91071,0
91213,0
91250,3
91462,0
91948,0
92692,1
92777,1
94855,0
94908,0
94945,3
94983,0
95014,3
95018,0
95027,0
95048,0
95146,3
95157,0
95187,0
95221,0
95268,0
95289,1
95318,0
95352,0
95378,3
95379,3
95432,0
95439,0
95574,0
96233,0
96479,1
96971,0
97249,3
97600,0
97945,0
97986,1
98765,0
98863,1
98896,1
99023,1
99024,1
99226,1
99420,2
99505,0
100282,3
100649,1
100760,1
101290,0
101422,3
101467,1
101634,0
101859,2
102515,1
102551,0
102597,0
102667,0
102942,0
103070,0
103676,3
103703,1
103704,3
104392,2
104456,0
104482,2
105290,2
105295,1
105976,3
105985,3
105997,2
106076,3
106468,0
106551,3
106630,3
106634,3
106724,0
106807,1
106954,2
106955,3
107377,3
107383,3
107724,3
107800,3
107932,3
108341,0
108737,0
108762,0
108801,3
109134,3
109440,3
109641,3
109729,3
110102,0
110115,0
110679,1
110908,3
111290,3
111296,3
111302,3
111328,3
111414,3
111431,0
112737,3
112955,3
113154,0
113158,0
113162,0
113168,3
113170,0
113172,0
113185,0
113196,0
113200,0
113202,0
113207,0
113209,0
113213,0
113217,0
113232,0
113236,0
113239,0
113241,0
113248,0
113252,0
113260,0
113261,0
113265,0
113267,0
113270,0
113271,0
113274,3
113278,0
113285,0
113293,0
113296,0
113303,0
113309,0
113319,0
113328,0
113618,1
113619,1
113621,1
113623,3
113632,3
113636,3
113638,0
113647,0
113654,3
113655,2
113660,0
113673,3
113674,1
113676,3
113682,3
113683,1
113684,3
113690,3
113691,0
113696,0
113706,3
113714,3
113718,1
113723,3
113733,3
113735,3
113738,3
113740,3
113742,3
113745,1
113748,3
113753,0
113755,1
113762,3
113763,3
113765,0
113766,0
113768,3
113770,3
113774,1
113785,3
113788,0
113792,0
113800,3
113804,0
113807,1
113813,1
113815,3
113822,0
113824,1
113828,0
113829,0
113833,0
113836,0
113841,3
113851,0
113868,0
113872,1
113873,0
113878,3
113881,3
113885,3
113886,3
113887,3
113905,1
113910,3
113911,3
113916,3
113924,3
113946,1
113951,3
113955,0
113962,0
113964,0
113984,3
113985,3
113989,0
114001,1
114002,2
114003,1
114008,1
114009,0
114017,0
114018,0
114019,1
114030,3
114041,3
114046,3
114051,3
114061,3
114080,3
114084,3
114097,0
114100,3
114110,3
114115,0
114119,3
114121,1
114143,1
114146,0
114150,0
114166,3
114171,3
114175,3
114179,1
114190,1
114193,0
114194,3
114199,0
114204,3
114205,0
114210,3
114215,1
114226,3
114231,0
114241,0
114249,0
114256,3
114260,3
114262,1
114286,0
114295,3
114305,3
114325,3
114327,3
114329,3
114334,1
114338,3
114353,3
114361,3
114369,3
114376,1
114384,3
114386,0
114388,0
114390,1
114391,3
114396,3
114399,0
114404,0
114406,3
114411,3
114417,0
114418,0
114419,3
114424,3
114427,3
114429,0
114434,3
114442,1
114443,0
114459,3
114466,3
114471,0
114477,3
114479,3
114480,3
114485,3
114489,1
114494,3
114500,1
114505,3
114506,0
114510,3
114523,0
114526,3
114527,3
114528,0
114530,3
114544,3
114546,3
114548,1
114551,3
114555,3
114556,3
114564,3
114566,3
114572,3
114584,1
114603,3
114604,3
114617,0
114634,3
114642,3
114645,1
114649,0
114651,0
114663,0
114665,3
114669,3
114696,3
114699,3
114711,3
114717,3
114725,3
114734,3
114740,2
114773,3
114776,3
114778,3
114789,3
114790,3
114795,3
114802,3
114826,1
114832,1
114833,1
114835,1
114837,1
114844,1
114981,0
115350,1
115761,1
115770,3
115799,3
115907,3
116305,0
116669,2
116670,3
116673,3
116689,1
116692,3
116707,3
116729,0
116755,2
116867,3
116919,3
117239,0
117240,1
117246,3
117255,3
117256,3
117258,3
117259,3
117280,3
117282,3
117307,3
117308,3
117320,3
117321,3
117356,3
117396,3
117420,3
117422,3
117452,3
117470,3
117559,3
117561,3
117585,3
117587,3
117659,2
117812,3
117876,0
117900,0
117978,3
118758,0
119307,0
119333,0
119644,0
120777,0
120778,0
121228,3
121276,0
121330,0
122150,0
122157,1
122263,1
122827,0
122938,3
123275,2
123336,3
123392,3
123405,2
123529,2
123594,3
123615,1
123635,3
123675,2
123683,2
123879,3
124019,3
124025,3
124031,3
124040,3
124106,1
124168,2
124190,3
124204,1
124231,2
124235,2
124277,2
124335,1
124340,0
124358,0
124390,0
124448,0
124487,0
124489,0
124586,3
124665,0
124761,0
124878,0
124995,0
125027,0
125037,0
125199,0
125451,1
125473,0
125571,0
125635,3
125675,0
125697,0
125729,1
125786,3
125983,0
126024,0
126046,0
126097,2
126543,1
126955,0
126973,1
127154,0
127409,3
127456,1
127499,1
127591,1
127870,3
128273,0
128643,3
128854,0
128855,1
129446,1
129545,1
129936,3
129979,1
130064,0
130079,0
130253,0
130331,0
130668,3
130676,3
130764,2
130908,1
131169,2
131207,2
131685,1
131989,3
131990,3
132004,0
132007,0
132227,0
132409,3
133181,3
133349,1
133432,1
133491,1
133492,1
133625,0
133829,1
134011,3
134013,1
134129,0
134255,0
134381,1
134635,3
134664,3
134707,0
134982,0
135203,3
135521,0
136184,0
136219,1
136228,0
136630,3
136813,1
137801,3
138286,3
138396,1
138576,2
138620,3
139148,2
139241,1
139381,2
139422,1
139699,1
139797,2
141945,0
143606,1
146084,3
146231,0
146412,2
146487,1
146670,2
146855,0
146901,1
147410,0
147419,2
147556,3
147665,1
147666,1
147883,0
147885,0
147995,0
148368,0
148373,0
148490,0
148495,0
148754,0
148758,3
148906,1
148918,1
148924,0
148957,0
148960,0
148992,3
149004,0
149010,0
149070,0
149074,1
149075,1
149125,0
149145,0
149169,0
149211,0
149241,0
149246,0
149261,0
149267,0
149378,3
149382,0
149386,1
149399,1
149445,0
149488,1
151648,1
152010,1
152060,0
152069,0
152106,0
152125,1
152141,1
152153,0
152169,1
152174,1
152243,1
152247,1
152261,3
152281,3
152289,0
152294,0
152305,0
152308,0
152336,0
152338,0
152339,0
152344,0
152360,0
152441,1
152486,0
152487,0
152492,0
152562,0
152579,0
152581,0
152582,0
152595,0
152598,3
152601,0
152610,0
152611,0
152618,0
152628,0
152634,0
152635,0
152640,0
152652,0
152658,0
152775,0
152917,0
153064,2
153259,3
153317,1
153587,1
153672,0
153681,2
153761,3
154064,0
154199,0
154303,1
154454,0
154464,0
154471,0
154479,3
154482,0
154798,3
154873,3
154894,0
154903,0
154905,0
154935,0
154944,0
154946,0
155003,3
155329,3
155372,0
155373,3
155379,3
156115,0
156174,3
156264,2
156301,3
156335,0
156336,0
156380,0
156385,0
156396,3
156429,3
156458,0
156502,0
156563,1
156666,3
156670,3
156680,3
156721,0
156806,1
156956,0
156987,3
157136,0
157386,3
157388,3
157409,0
157624,3
157910,0
157912,3
157971,3
157988,0
158008,3
158072,3
158460,1
158461,1
158677,0
158688,3
159739,1
159944,1
160111,1
160212,1
160263,1
160264,1
160447,1
160486,1
160668,0
160929,0
161460,1
161873,0
162027,0
162275,1
162314,1
162317,1
162431,1
162926,0
162957,2
163023,3
163155,3
163426,2
163573,1
163702,1
163704,1
163711,1
163973,0
164024,0
164091,2
164099,1
164177,2
164227,3
164279,3
164304,3
164399,1
164457,0
164822,0
164884,0
165449,1
165450,1
165633,3
165661,0
167395,2
167457,3
167528,3
167940,2
167953,2
168114,1
168117,2
168129,2
168300,2
168310,2
168379,2
168622,2
168716,2
168771,2
168788,2
168807,2
168839,0
168850,2
169299,1
170213,0
170527,2
171062,3
171091,1
171199,3
171215,3
171245,3
171255,3
171261,3
171265,3
171280,3
171292,3
171293,3
171309,1
171322,3
171326,3
171336,3
171360,3
171371,3
171389,3
171390,3
171395,3
171397,3
171558,1
171559,1
172025,0
173220,2
173228,1
173241,3
173251,2
173254,2
173289,1
173303,1
173339,2
173341,1
173385,2
173410,1
173414,2
173449,2
173486,1
173494,1
173509,2
173551,1
173722,0
173727,1
174212,0
174687,2
174762,1
174788,3
174896,0
175436,1
175465,0
175466,0
175476,0
175479,0
175502,0
175517,0
175524,0
175536,0
175559,0
175562,0
175565,0
175586,1
175592,0
175597,1
175602,0
175609,0
175610,1
175617,0
175650,0
175658,3
175665,3
175666,0
175674,0
175683,0
175694,1
175701,1
175720,0
175732,0
175733,0
175738,3
175740,3
175765,1
175770,0
175813,0
175821,0
175823,0
176393,3
176395,0
176407,0
177026,3
177159,0
178196,2
178553,3
178903,0
179314,1
179887,3
180175,1
180366,0
180379,0
180420,0
180434,0
180845,0
181143,3
181306,3
181405,3
181450,3
181451,1
181474,3
181478,3
181765,3
182388,1
182444,2
182533,0
182887,1
183281,1
184902,3
184946,1
185233,0
185732,2
186494,3
187793,1
189519,3
189850,0
192651,1
192722,0
193050,2
193280,1
193297,1
193457,2
193669,0
195153,0
195166,0
195262,3
195999,1
196000,1
196002,1
196369,0
196442,3
196465,2
196735,1
196760,1
196968,1
197332,0
197433,0
197734,0
197744,0
198057,0
198235,3
198378,0
198384,0
198404,0
198463,1
199352,1
200931,1
201160,1
201695,0
201790,0
202013,0
205841,1
205917,0
208170,2
208612,3
208622,0
209273,3
209522,0
210065,0
211388,3
214738,0
214955,3
215348,2
216467,3
218980,0
220830,1
221283,3
221571,3
221815,3
221885,0
224590,0
224591,0
224840,1
225258,1
226326,1
226723,1
226772,1
227360,3
228556,1
229530,0
229624,0
229862,0
230417,3
230598,0
230601,0
230602,0
230983,3
231145,3
231146,3
231522,3
231957,1
232626,2
232726,0
232795,2
233608,1
233907,0
235572,0
235880,3
236131,3
236150,3
236531,3
236768,3
236811,1
236840,0
237278,1
237295,0
237413,3
237504,3
237522,3
237746,3
238117,2
238204,1
238810,3
238939,0
239511,3
242690,3
242818,3
243946,2
243959,0
245062,0
248787,3
249093,1
250603,1
251309,0
251564,0
254624,0
254811,3
256258,2
257260,2
257672,3
257753,2
257780,3
257894,3
257913,1
258823,0
259027,0
259054,1
259096,0
259363,0
259561,0
259587,1
260176,0
260181,0
260188,0
260220,0
260225,0
260260,0
260272,0
260301,0
260314,0
260320,0
260341,0
260366,0
260371,0
260386,0
260390,0
260391,0
260409,1
260419,0
260428,0
260430,0
260431,0
260434,0
260444,0
260462,0
260491,0
260498,0
260535,0
260539,0
260543,0
260544,0
260546,0
260556,0
260574,1
260590,0
260596,1
260605,0
260629,0
260631,0
260635,0
260636,0
260645,0
260658,0
260668,1
260673,0
260691,0
260704,0
260705,0
260722,0
260724,0
260731,0
260749,0
260796,0
260808,0
260819,0
260843,1
260845,1
260847,0
260869,0
260890,0
260900,1
260913,0
260916,1
260917,0
260921,0
260950,1
260952,0
260966,0
260974,0
260992,0
260996,1
260999,0
261002,0
261028,0
261081,0
261084,0
261091,1
261092,0
261095,0
261103,0
261117,0
261123,0
261130,0
261148,1
261149,0
261155,0
261156,3
261165,1
261171,0
261174,0
261179,0
261182,0
261193,0
261200,0
261205,0
261210,1
261232,0
261235,0
261238,0
261239,0
261249,0
261266,1
261267,1
261269,1
261272,0
261278,0
261342,1
261353,0
261354,0
261355,1
261365,0
261369,0
261370,0
261374,0
261376,0
261395,0
261397,0
261403,0
261407,0
261432,1
261451,0
261460,1
261466,0
261537,1
261538,1
261547,1
261553,1
261555,1
261560,1
261573,1
261577,1
261583,1
261588,1
261599,1
261600,1
261604,1
261617,1
261622,1
261632,2
261639,1
261650,1
261651,1
261653,1
261660,1
261661,1
261671,1
261673,1
261677,1
261679,1
261693,1
261696,3
261700,1
261707,1
261747,1
261749,1
261755,1
261761,1
261780,1
261787,1
261788,1
261796,3
261801,1
261802,1
261806,1
261825,1
261832,1
261835,1
261840,1
261944,1
261984,1
261988,1
261989,1
262002,3
262005,1
262014,1
262027,1
262030,2
262079,1
262142,0
265856,3
265860,3
266469,1
266659,3
272763,2
273383,2
275249,1
276189,3
277902,0
278343,1
278773,2
279681,0
280942,3
281065,3
281146,3
282565,2
282796,3
282802,2
282818,1
282822,1
282826,2
282842,2
282876,1
282913,2
282929,2
282966,2
283017,3
283035,1
283040,2
283053,2
283055,1
283061,2
283069,3
283077,2
283085,1
283212,2
283259,1
286437,1
287152,3
288681,3
288761,2
289823,1
290469,3
291166,1
293403,2
294269,3
294635,2
294902,2
296052,1
299223,1
299877,2
300476,2
300573,0
302319,1
302797,3
303388,3
303479,1
304565,1
304859,3
305071,0
305326,3
305348,3
306205,3
306543,2
307522,3
307665,3
307693,2
307770,0
308480,0
308715,3
308747,2
308750,2
308874,3
310378,2
312214,0
312508,3
315669,3
315952,2
315977,2
315986,2
316001,2
316005,2
316019,2
316021,2
316028,2
316038,2
316039,2
316092,2
316106,2
316108,2
316122,2
316129,2
316133,2
316159,2
316163,2
316186,2
316204,2
316237,2
316244,2
316258,2
316261,2
316265,2
316266,2
316275,2
316281,2
316305,2
316320,2
316356,2
316357,2
316358,2
316389,2
316394,2
316398,2
316419,0
316430,2
316491,2
316518,2
316533,1
316555,2
316568,3
316574,2
316589,2
316609,2
316618,2
316627,2
316645,2
316650,2
316670,2
316677,2
316698,2
316710,2
316714,2
316716,2
316722,2
316744,2
316747,2
316752,2
316755,2
316774,2
316784,2
316803,2
316811,2
316813,2
316829,2
316830,2
316877,2
316881,2
316901,2
316908,2
316909,2
316932,2
316950,2
316968,1
316969,2
316976,2
316982,2
316988,2
316989,2
317022,3
317058,2
317087,1
317099,2
318498,1
319051,1
321747,3
321764,3
322292,0
322887,3
323576,1
324102,1
324233,3
324616,3
326056,1
326275,1
327157,1
328308,1
328868,3
330395,1
345491,3
345549,3
346817,1
347986,3
348007,3
348177,3
348233,1
348292,1
352304,0
353370,3
359602,3
361925,0
361926,0
362193,3
363604,0
363610,3
363816,3
363969,3
364152,3
364203,3
364211,3
364214,3
364286,3
364747,2
364770,1
364991,0
366178,1
366179,1
366194,1
366198,1
366203,1
366205,1
366206,1
366209,1
366219,1
366223,1
366224,1
366239,1
366245,1
366247,2
366249,1
366250,1
366252,1
366257,1
366261,1
366266,1
366270,1
366271,1
366275,1
366278,1
366281,1
366284,1
366286,1
366290,1
366291,1
366292,1
366294,1
366300,1
366309,1
366311,1
366312,1
366320,1
366321,1
366339,1
366347,1
366357,1
366360,1
366362,1
366375,1
366383,1
366388,1
366389,1
366391,1
366393,1
366395,1
366401,1
366410,1
366417,1
366420,1
366422,1
366424,1
366437,1
366441,1
366452,1
366455,1
366460,1
366463,1
366475,1
366476,1
366481,1
366484,1
366485,1
366489,1
366492,1
366495,1
366498,1
366499,1
366500,1
366504,1
366505,1
366510,1
366522,1
366523,1
366524,1
366527,1
366538,1
366539,1
366543,1
366545,1
366546,1
366548,1
366551,1
366556,1
366557,1
366563,1
366565,1
366578,1
366585,3
366594,2
366603,1
366615,1
366629,1
366630,1
366631,1
366633,1
366649,1
366654,2
366666,1
366668,1
366670,1
366673,1
366674,1
366680,1
366681,1
366687,1
366696,1
367431,1
369076,3
371343,0
375510,0
378515,3
378961,3
379001,3
379130,3
379131,3
381536,3
382904,1
384589,3
384705,3
385186,3
385999,3
386865,1
388149,0
388810,0
388820,0
388983,0
389033,0
389118,0
390363,0
390665,3
391114,1
391137,1
391207,1
391229,1
391296,3
391330,1
394419,0
394423,0
395389,0
398112,1
398252,0
398253,3
398294,0
398746,0
398754,0
398762,0
398766,0
398774,0
399087,0
399095,0
399133,0
399458,3
399473,0
400790,3
404966,0
406583,3
407078,0
407098,0
408129,3
408326,3
408977,3
413372,1
419610,3
419925,3
421019,3
421024,3
421026,3
421032,3
421036,3
421037,3
421038,3
421040,3
421041,3
421048,3
421050,3
421051,3
421056,3
421057,3
421060,3
421061,3
421065,1
421066,3
421072,3
421073,3
421075,3
421078,3
421081,3
421084,3
421086,3
421088,3
421093,3
421094,3
421096,3
421101,3
421102,3
421105,3
421106,3
421107,3
421110,3
421111,3
421126,3
421131,3
421134,3
421135,3
421137,3
421142,3
421147,3
421151,3
421155,3
421163,3
421164,3
421167,3
421170,3
421171,3
421178,3
421182,3
421184,3
421185,3
421194,3
421195,3
421204,3
421206,3
421214,3
421215,3
421217,3
421218,3
421220,3
421223,3
421224,3
421227,3
421228,3
421229,3
421233,3
421235,3
421236,3
421238,3
421242,3
421250,3
421251,3
421252,3
421253,3
421255,3
421256,3
421257,3
421259,3
421263,3
421268,3
421273,3
421274,3
421278,3
421279,3
421280,3
421281,3
421284,3
421285,3
421286,3
421287,3
421293,3
421295,3
421297,3
421299,3
421300,3
421305,3
421310,3
421312,3
421315,3
421316,3
421318,3
421320,3
421326,3
421327,3
421329,3
421330,3
421333,3
421334,3
421337,3
421338,3
421341,3
421343,3
421345,3
421348,3
421351,3
421355,3
421361,3
421367,3
421369,3
421372,3
421373,3
421380,3
421384,3
421387,3
421393,3
421394,3
421396,3
421399,3
421403,3
421405,3
421406,3
421407,3
421412,3
421413,3
421414,3
421415,3
421418,3
421421,3
421423,3
421426,3
421428,3
421430,3
421432,3
421433,3
421435,3
421437,3
421440,3
421441,3
421443,1
421449,3
421450,3
421451,3
421454,3
421455,3
421456,3
421457,3
421459,3
421466,3
421467,3
421470,3
421471,3
421473,3
421476,3
421477,3
421481,3
421482,3
421492,3
421494,3
421495,3
421497,3
421502,3
421504,3
421505,3
421506,3
421507,3
421509,3
421512,3
421514,3
421516,3
421517,3
421518,3
421532,3
421535,3
421539,3
421540,3
421541,3
421543,3
421544,3
421545,3
421546,3
421549,3
421550,3
421551,3
421554,3
421555,3
421559,3
421561,3
421562,3
421568,3
421569,3
421570,3
421571,3
421577,3
421578,3
421581,3
421583,3
421590,3
421591,3
421593,3
421595,3
421596,3
421598,3
421600,3
421601,3
421604,3
421605,3
421607,3
421608,3
421909,0
422045,0
422115,0
422128,0
422135,0
422141,0
422148,0
422151,0
422164,0
422168,0
422173,0
422180,0
422185,0
422189,0
422193,0
422194,0
422195,0
422214,0
422222,0
422241,0
422261,0
422281,0
422308,0
422319,0
422340,0
422341,0
422365,0
422384,0
422386,0
422387,0
422393,0
422398,0
422410,0
422419,0
422421,0
422441,0
422455,0
422460,0
422479,0
422491,0
422493,0
422494,0
422497,0
422500,0
422512,0
422513,0
422518,0
422532,0
422551,0
422556,0
422560,0
422569,0
422573,0
422579,0
422580,0
422582,0
422588,0
422589,0
422590,0
422605,0
422622,0
422645,0
422646,0
422652,0
422655,0
422666,1
422669,0
422681,0
422685,0
422686,0
422700,0
422701,0
422720,0
422729,0
422731,0
422732,0
422773,0
422800,0
422801,0
422842,1
422986,0
423048,0
430002,0
433606,0
437888,0
438120,0
438121,0
438129,0
438138,0
438167,0
438179,0
438184,0
438185,0
438202,0
438203,0
438204,0
438206,0
438208,0
438226,0
438235,0
438238,0
438240,0
438260,0
438264,0
438265,0
438297,0
438299,0
438312,0
438313,0
438328,0
438329,0
438347,0
438348,0
438355,0
438365,0
438376,0
438388,0
438393,0
438397,0
438402,0
438421,0
438432,0
438438,0
438443,0
438449,0
438450,0
438451,0
438454,0
438457,0
438458,0
438462,0
438467,0
438468,0
438482,0
438496,0
438499,0
438500,0
438502,0
438514,0
438520,0
438527,0
438529,0
438530,0
438531,0
438532,0
438542,0
438544,0
438547,0
438548,0
438567,0
438572,0
438586,0
438587,0
438613,0
438618,0
438633,0
438634,0
438643,0
438647,0
438650,0
438654,0
438659,0
438668,0
438693,0
438694,0
438695,0
